{
  "real_trace": {
    "config": {
      "n_requests": 50000,
      "cache_size": 400,
      "threshold": 0.8,
      "k_tail": 8,
      "embedder": "minilm"
    },
    "train_hist": [
      [
        1.5907648759729722,
        1.529538869857788
      ],
      [
        1.4310163091210757,
        1.4596015214920044
      ],
      [
        1.3937787911471198,
        1.4434959888458252
      ],
      [
        1.3830895031199735,
        1.4458982944488525
      ],
      [
        1.3790170907974244,
        1.426669955253601
      ],
      [
        1.3764226506738102,
        1.4372127056121826
      ],
      [
        1.370720856329974,
        1.422479510307312
      ],
      [
        1.3691068957833683,
        1.4207948446273804
      ]
    ],
    "results": {
      "fifo": {
        "hit_ratio": 0.1127,
        "tokens_saved": 218444,
        "tokens_saved_frac": 0.05682024203564856,
        "evictions": 17346,
        "wall_s": 3.43
      },
      "lru": {
        "hit_ratio": 0.1305,
        "tokens_saved": 267163,
        "tokens_saved_frac": 0.06949271356947308,
        "evictions": 16990,
        "wall_s": 3.27
      },
      "learned": {
        "hit_ratio": 0.13625,
        "tokens_saved": 309397,
        "tokens_saved_frac": 0.08047834879925088,
        "evictions": 16875,
        "wall_s": 5.87,
        "fallbacks": 0,
        "decisions": 16875
      },
      "oracle": {
        "hit_ratio": 0.13535,
        "tokens_saved": 309130,
        "tokens_saved_frac": 0.08040889848418835,
        "evictions": 16893,
        "wall_s": 4.69
      }
    }
  }
}